#RNA length, KA (nM), KA std (nM)
25, 8.252791430118506e-05, 1.3100109518364961e-05
