#RNA length, KA-star, KA-star std
25, 0.739666405327356, 0.12710399618305285
