#RNA length, KA (nM), KA std (nM)
25, 0.00011157450670570943, 7.343516610205931e-06
