#RNA length, KA-star, KA-star std
25, 0.7439523654548155, 0.10099225144855471
