#RNA length, KA (nM), KA std (nM)
25, 8.30061181881667e-05, 9.855181366205343e-06
