patch_mean_q,patch_size,patch_size_percentage,patch_centroid_x,patch_centroid_y,patch_centroid_z,patch_centroid_nearest_surface_coord_x,patch_centroid_nearest_surface_coord_y,patch_centroid_nearest_surface_coord_z,patch_centroid_idr_euclid_dist,patch_centroid_idr_surf_dist
-17.55362,2298,0.04,-10.44864,6.628389,-2.041792,-11.274,7.258,-3.977,4.048617,9.352545
-13.31897,1775,0.03,-7.917358,-3.710229,2.146203,-6.813,-3.469,3.313,14.0274,15.09957
-12.65315,1058,0.02,0.8916661,-2.802608,9.856327,0.774,-2.959,9.166,19.71105,20.31
-12.78017,1174,0.02,-1.273634,-2.587463,-12.99867,-1.253,-2.299,-13.178,20.58385,22.09762
-12.19189,993,0.02,3.760709,10.80123,1.955298,4.224,10.753,2.487,14.6601,15.88786
-11.15714,1743,0.03,14.24414,7.266103,-1.378562,14.24,5.727,-1.418,25.21963,28.24692
