patch_mean_q,patch_size,patch_size_percentage,patch_centroid_x,patch_centroid_y,patch_centroid_z,patch_centroid_nearest_surface_coord_x,patch_centroid_nearest_surface_coord_y,patch_centroid_nearest_surface_coord_z,patch_centroid_idr_euclid_dist,patch_centroid_idr_surf_dist
25.01673,4459,0.0513,51.64095,23.44275,13.33794,50.237,23.054,13.763,9.580878,15.43853
18.77653,2745,0.0316,56.44243,20.66144,32.22304,56.51,19.837,32.257,19.88264,35.92404
21.85386,3311,0.0381,56.68165,1.095372,30.95254,56.761,2.329,32.026,23.06992,39.92094
17.56664,11655,0.1342,68.95326,14.3566,16.44084,70.278,14.059,17.774,12.38217,24.27992
17.89866,2897,0.0334,68.49844,-3.70891,12.06134,68.297,-4.411,11.154,22.42357,28.78944
