radius,mean_patchiness,mean_phi,num_points
2,0.6301638,-5.667135,33
3,0.7229451,-12.97024,599
4,0.6868349,-10.1619,1166
5,0.6211468,-5.489719,1821
6,0.5676838,-2.105406,2599
7,0.5189579,-0.5691615,3426
8,0.4671896,-1.151262,4263
9,0.4334817,-1.98937,5149
10,0.4013923,-2.439194,6193
11,0.384555,-2.17182,7395
12,0.3816461,-1.42501,8854
13,0.3854202,-0.8124351,10470
14,0.396692,-0.4654761,12484
15,0.3928346,-0.3292091,14689
16,0.3908948,-0.4496197,16942
17,0.3906175,-0.5305099,19379
18,0.3949646,-0.9809292,21969
19,0.3932552,-1.358516,24232
20,0.3908796,-1.590698,27059
21,0.3843368,-1.655838,30749
22,0.3794457,-1.7499,34608
23,0.3874399,-1.572562,38513
24,0.3984166,-1.21492,42387
25,0.4028061,-0.663576,46507
26,0.4056358,-0.470311,50899
27,0.4033919,-0.2038296,55126
28,0.3998854,0.02263794,60064
29,0.4032365,0.4317862,64272
30,0.4075701,0.6384887,67865
31,0.4119095,0.7813718,71047
32,0.4124788,0.8352525,74002
33,0.4150922,0.8818631,76849
34,0.420497,1.011436,79282
35,0.4247137,1.145193,80927
36,0.4272959,1.272207,82354
37,0.4277452,1.432062,83844
38,0.4264919,1.531328,84909
39,0.4273143,1.610339,85898
40,0.4282954,1.660986,86833
41,0.4283862,1.669554,87247
42,0.428565,1.665303,87458
43,0.4289005,1.657624,87652
44,0.4290697,1.659363,87789
