radius,mean_patchiness,mean_phi,num_points
5,-0.2178976,-13.34335,37
6,0.3226502,7.358723,259
7,0.6401948,12.45009,1130
8,0.5895605,13.85927,2855
9,0.5969924,12.96912,4266
10,0.596744,11.5447,6264
11,0.5558729,8.241497,10107
12,0.5268293,6.903409,13742
13,0.5178367,5.815233,17885
14,0.5206168,5.0013,22030
15,0.509239,4.593294,26700
16,0.5015691,3.986884,31922
17,0.4998787,3.40877,36816
18,0.4941787,3.21142,41842
19,0.4938382,3.008447,46812
20,0.4916744,2.846856,51286
21,0.4922915,2.515369,55662
22,0.4921618,2.334318,60796
23,0.4921716,2.103134,65119
24,0.4936302,1.929287,68004
25,0.4947393,1.933257,70673
26,0.4925561,1.921094,74227
27,0.4922688,1.982151,77397
28,0.4926459,1.998651,80299
29,0.4921071,2.027607,83033
30,0.4892315,1.967147,85810
31,0.4874445,1.987726,87921
32,0.4859214,2.107901,89736
33,0.484264,2.231942,91539
34,0.4819453,2.204071,93365
35,0.4822239,2.071401,95039
36,0.4840043,2.003472,96233
37,0.4858612,1.968194,97130
38,0.487165,1.925955,97891
39,0.4877901,1.830166,98405
40,0.4872775,1.818256,98653
41,0.4867035,1.808269,98851
42,0.48726,1.784534,99038
43,0.4880755,1.748325,99206
44,0.4888414,1.707853,99364
