radius,mean_patchiness,mean_phi,num_points
3,0.2690058,-5.891734,14
4,0.3339512,-9.267478,234
5,0.2767677,-3.486462,546
6,0.3271398,3.833356,1237
7,0.3796436,7.664776,2333
8,0.382854,7.407082,3389
9,0.402393,5.755463,4767
10,0.4083251,4.608695,6429
11,0.4141979,4.038092,8815
12,0.4183986,4.280591,11464
13,0.4322788,4.280034,14554
14,0.4500979,4.00863,17866
15,0.4615018,3.599408,21385
16,0.4615304,3.439784,25149
17,0.4621565,3.049003,29832
18,0.4587177,2.721375,35426
19,0.4516135,2.649555,40764
20,0.4471816,2.243675,46290
21,0.4415412,2.183837,51539
22,0.4362484,2.286826,57483
23,0.4286039,2.263122,62889
24,0.4264629,2.03997,67425
25,0.4252821,1.927418,71841
26,0.4240432,1.881722,75578
27,0.4271004,2.081634,78986
28,0.4275786,2.079437,81835
29,0.4285975,2.047211,83357
30,0.4310412,2.133484,84418
31,0.4330976,2.271303,85153
32,0.433941,2.340522,85728
33,0.4334691,2.348933,85876
