radius,mean_patchiness,mean_phi,num_points
2,0.4050706,8.800949,106
3,0.4709681,7.826674,389
4,0.4698242,8.510715,1137
5,0.5148094,7.149028,1800
6,0.5767364,9.494689,2737
7,0.6424311,9.450045,3751
8,0.6524913,8.266688,4813
9,0.6508476,8.891006,5735
10,0.6480603,9.191916,6745
11,0.6442657,9.046834,7727
12,0.6371534,9.27021,8931
13,0.6181929,8.948145,10295
14,0.5983204,8.809498,11824
15,0.5798739,8.810011,13596
16,0.554034,8.785883,15940
17,0.5258482,8.730582,18271
18,0.5033286,8.609098,20426
19,0.4923778,8.240938,22850
20,0.488328,7.834411,25333
21,0.480511,7.543575,27913
22,0.4725141,7.188772,30643
23,0.4662402,6.483121,33396
24,0.4640547,5.987516,35929
25,0.462077,5.737349,38648
26,0.4615009,5.658676,41705
27,0.4614754,5.352456,45277
28,0.4576633,4.966708,49766
29,0.4512756,4.663336,53493
30,0.4447788,4.397041,56685
31,0.4396538,4.083879,60255
32,0.4354966,3.696576,64395
33,0.4351625,3.201496,69234
34,0.4356343,2.864707,74987
35,0.4357116,2.723761,80512
36,0.4387656,2.739326,85739
37,0.4428912,2.858438,91316
38,0.4435576,3.012924,98186
39,0.441485,2.982247,106020
40,0.4394012,2.961919,113720
41,0.4387659,2.944324,120998
42,0.4348533,2.919831,127376
43,0.4309136,2.888624,132428
44,0.4278904,2.857238,136798
45,0.4269197,2.88674,140228
46,0.4286963,2.917876,143368
47,0.4304489,2.891962,146107
48,0.4318035,2.901501,148997
49,0.4309931,2.861032,150999
50,0.4296632,2.864029,152235
51,0.4284117,2.86402,152982
52,0.4276269,2.848069,153402
53,0.4273036,2.831247,153705
54,0.4269327,2.831204,153867
