radius,mean_patchiness,mean_phi,num_points
3,0.223701,-3.982935,111
4,0.2577525,-4.752957,457
5,0.3150174,-1.848348,932
6,0.3501318,-0.6106973,1542
7,0.3718891,1.735659,2394
8,0.3913553,3.068918,3514
9,0.4258264,4.507842,4818
10,0.4788811,5.768479,6096
11,0.5081534,6.31796,7486
12,0.5319936,6.552144,8884
13,0.5300481,6.089321,10672
14,0.5104355,5.183108,12977
15,0.5003334,4.785167,15463
16,0.4790374,4.538764,18800
17,0.4647866,4.283747,22500
18,0.4693537,3.853289,26311
19,0.4722942,3.337055,29993
20,0.4619264,2.793328,33902
21,0.4448423,2.686048,38430
22,0.4362863,2.726284,43506
23,0.43268,2.67304,49047
24,0.4358544,2.724788,55004
25,0.4385893,2.626022,61722
26,0.4373623,2.71446,69078
27,0.4387459,2.771462,77426
28,0.4438591,2.862793,86094
29,0.4490186,2.861017,94785
30,0.4492102,2.946855,102998
31,0.4478188,2.940076,111278
32,0.4495354,2.830186,119566
33,0.4496296,2.744461,128032
34,0.446606,2.74016,137232
35,0.4408094,2.767987,146780
36,0.4362504,2.633825,155748
37,0.4301979,2.647059,164190
38,0.4255252,2.617298,172299
39,0.4238905,2.646944,179948
40,0.4236386,2.693159,188013
41,0.4223295,2.737487,195341
42,0.4209282,2.756846,203051
43,0.4195912,2.738439,211422
44,0.42048,2.672194,220469
45,0.4200475,2.565887,229455
46,0.4210987,2.504858,237853
47,0.4216236,2.492656,245875
48,0.4223542,2.560207,253583
49,0.4233941,2.567053,260145
50,0.4244414,2.622762,265545
51,0.4256833,2.659377,270450
52,0.4264739,2.672451,275107
53,0.4260896,2.703976,279151
54,0.4254591,2.694917,282569
55,0.4245455,2.70901,284722
56,0.4240905,2.751706,286832
57,0.4238602,2.781328,289006
58,0.4238717,2.788586,290790
59,0.4235167,2.780558,292576
60,0.4234976,2.76872,293673
61,0.4236303,2.753625,294463
62,0.4240861,2.727608,294960
63,0.4242111,2.72634,295202
64,0.4242148,2.726523,295263
