patch_mean_q,patch_size,patch_size_percentage,patch_centroid_x,patch_centroid_y,patch_centroid_z,patch_centroid_nearest_surface_coord_x,patch_centroid_nearest_surface_coord_y,patch_centroid_nearest_surface_coord_z,patch_centroid_idr_euclid_dist,patch_centroid_idr_surf_dist
-14.74374,6107,0.06,-42.63978,8.812103,-5.061638,-43.81,7.813,-6.378,15.05002,19.56062
-13.9402,7805,0.08,-32.77736,21.98438,10.1716,-32.797,21.323,13.661,19.76238,24.99031
-11.81883,2507,0.03,-36.82671,37.40291,-10.92119,-36.613,36.735,-11.377,34.18277,41.5209
-12.60001,1636,0.02,-23.01264,17.88876,-13.44622,-23.771,17.827,-13.361,18.4912,21.91661
-13.37596,3175,0.03,-11.07042,20.43104,-2.747768,-11.342,22.515,-1.394,22.87028,29.23048
