patch_mean_q,patch_size,patch_size_percentage,patch_centroid_x,patch_centroid_y,patch_centroid_z,patch_centroid_nearest_surface_coord_x,patch_centroid_nearest_surface_coord_y,patch_centroid_nearest_surface_coord_z,patch_centroid_idr_euclid_dist,patch_centroid_idr_surf_dist
-12.6717,14074,0.09,7.625289,94.68149,31.14538,6.518,95.31,31.493,36.491,41.16424
-13.79763,2880,0.02,3.15316,65.24899,32.1546,2.481,66.188,32.863,7.974178,9.684395
-11.86405,2415,0.02,15.22101,90.26296,5.265851,14.832,89.866,5.16,40.7104,50.62215
-12.94689,25169,0.17,32.07583,84.70891,26.71538,35.24,84.325,24.677,39.44413,57.69153
-15.32772,2427,0.02,32.57651,116.8503,28.69332,33.34,118.193,30.52,65.48743,81.89156
