patch_mean_q,patch_size,patch_size_percentage,patch_centroid_x,patch_centroid_y,patch_centroid_z,patch_centroid_nearest_surface_coord_x,patch_centroid_nearest_surface_coord_y,patch_centroid_nearest_surface_coord_z,patch_centroid_idr_euclid_dist,patch_centroid_idr_surf_dist
26.002,914,0.0133,-5.593055,25.16736,45.58852,-5.253,24.571,45.545,29.50403,33.01174
21.3931,850,0.0124,-3.216545,34.91882,47.52591,-4.02,34.327,47.289,26.85867,29.09317
18.48806,6356,0.0926,14.97756,32.04172,39.08835,14.494,32.048,38.432,7.395879,8.46559
15.64896,7401,0.1078,17.44026,40.41197,13.62883,16.084,40.655,14.135,21.63692,32.50606
18.42394,1517,0.0221,16.57784,20.97339,54.42037,15.557,20.332,55.441,24.42033,31.54532
20.70954,5069,0.0738,20.50267,35.58062,-10.49331,21.3,36.077,-10.694,44.69726,50.91335
13.09037,733,0.0107,23.26719,29.93963,10.18614,23.086,30.025,10.173,24.57324,28.78449
