surface_dist,mean_patchiness,mean_phi,num_points
2,0.2803188,1.671869,198
3,0.319215,2.722934,430
4,0.3678992,3.924265,774
5,0.3768458,3.99334,1240
6,0.3502708,4.778506,1869
7,0.3331916,5.307302,2660
8,0.3092563,5.439946,3616
9,0.2904086,4.714128,4692
10,0.2792632,4.221087,5852
11,0.268599,3.509378,7103
12,0.2649231,3.103968,8426
13,0.2752745,2.662667,9863
14,0.2910854,2.251046,11489
15,0.3069279,1.828222,13331
16,0.3183648,1.750242,15253
17,0.3300923,1.573657,17461
18,0.3487604,1.385257,19900
19,0.36482,1.341521,22608
20,0.3723956,1.339949,25506
21,0.3779996,1.263397,28656
22,0.3837318,1.2495,32087
23,0.3880288,1.140351,35928
24,0.3891217,1.07475,39904
25,0.3867065,1.053104,44218
26,0.3817883,1.182426,48821
27,0.3760072,1.2337,53337
28,0.3719398,1.059615,57388
29,0.3686174,0.9094991,61190
30,0.3676934,0.7532259,64937
31,0.3688534,0.7031637,68763
32,0.3712182,0.6395134,72735
33,0.3738655,0.642359,76268
34,0.3744081,0.6276603,79693
35,0.3721966,0.5460125,83030
36,0.369628,0.5357516,86558
37,0.3674168,0.6019103,90222
38,0.3647035,0.71327,93981
39,0.3636332,0.7316808,97650
40,0.3646244,0.7239239,101239
41,0.3656913,0.7577793,104711
42,0.3672501,0.7428271,108172
43,0.3694438,0.6677538,111674
44,0.3707418,0.6148167,115061
45,0.3706211,0.5514048,117950
46,0.370427,0.4953589,120503
47,0.3724072,0.4328805,123120
48,0.3756709,0.3406104,125841
49,0.3782898,0.2255693,128417
50,0.3804179,0.1738602,130625
51,0.3824056,0.1652482,131948
52,0.3827535,0.1633897,132511
53,0.3826519,0.1626766,132601
