patch_mean_q,patch_size,patch_size_percentage,patch_centroid_x,patch_centroid_y,patch_centroid_z,patch_centroid_nearest_surface_coord_x,patch_centroid_nearest_surface_coord_y,patch_centroid_nearest_surface_coord_z,patch_centroid_idr_euclid_dist,patch_centroid_idr_surf_dist
-13.234,3023,0.02,-35.36335,2.944173,10.85458,-36.943,5.261,11.443,30.03165,35.69421
-13.42168,2684,0.02,-35.33617,-11.18225,16.38715,-36.025,-10.86,16.18,20.78336,23.08849
-14.38298,3677,0.03,-23.9304,-11.57881,28.51829,-24.225,-13.393,28.394,6.187664,9.553254
-13.88165,3705,0.03,-24.19062,-8.702878,4.443006,-24.185,-11.143,4.437,30.31104,35.01295
-12.18661,24516,0.18,-15.5534,13.94743,20.68657,-12.327,15.185,19.972,31.41053,46.86721
-13.14821,3187,0.02,-4.632046,3.521926,11.99863,-4.681,3.607,11.938,34.47251,41.60036
