radius,mean_patchiness,mean_phi,num_points
2,0.1101756,-0.2696442,144
3,0.2928377,-4.936195,371
4,0.3975497,-5.913793,762
5,0.380743,-4.823794,1225
6,0.3267395,-2.513784,2086
7,0.3135886,-0.7498279,3181
8,0.310764,-0.2976715,4241
9,0.3079568,0.1382425,5457
10,0.3267513,0.9968266,6942
11,0.3375475,1.771708,8539
12,0.3377843,1.580539,10689
13,0.3199085,1.562839,13270
14,0.3135394,1.916324,16030
15,0.3073932,2.290628,18935
16,0.3049605,2.612993,22502
17,0.3054925,2.775714,26512
18,0.3143395,2.673956,30765
19,0.3307002,2.408989,34967
20,0.3474083,2.242774,40057
21,0.365829,2.26674,46150
22,0.3741863,2.213944,53115
23,0.3805611,2.318153,61090
24,0.3843871,2.479182,68833
25,0.3851232,2.698218,77079
26,0.3843799,2.761732,84903
27,0.3822347,2.743052,91232
28,0.3830682,2.669288,96420
29,0.3843087,2.659011,101747
30,0.3857445,2.651689,106555
31,0.3843605,2.566427,110721
32,0.3841782,2.465076,114266
33,0.3852575,2.381858,117401
34,0.3855932,2.345702,119606
35,0.3853234,2.367858,121677
36,0.3848376,2.320991,123452
37,0.3856083,2.319659,124991
38,0.3854203,2.282471,126489
39,0.3856472,2.227163,128151
40,0.3860154,2.225832,129801
41,0.387329,2.289864,131213
42,0.3880711,2.317688,132481
43,0.3890092,2.268489,134146
44,0.3900163,2.22862,135359
45,0.3900266,2.204316,135718
46,0.3901609,2.193686,135751
