radius,mean_patchiness,mean_phi,num_points
3,0.332724,4.75458,167
4,0.572252,3.29921,814
5,0.5542231,3.983864,1789
6,0.5157121,4.691493,2912
7,0.5003253,5.650159,4347
8,0.4995891,7.031011,6177
9,0.5187046,8.192177,8643
10,0.5332318,7.795286,10809
11,0.5444478,7.330869,13141
12,0.5418623,6.458618,15797
13,0.537752,6.157963,18947
14,0.5275418,5.81964,22785
15,0.5102239,5.375124,26859
16,0.5071375,5.040826,30507
17,0.5062988,4.608839,34251
18,0.4990678,4.168831,38836
19,0.4972317,3.851132,43196
20,0.4956714,3.6097,48159
21,0.4913656,3.301053,53725
22,0.4770926,3.033339,59887
23,0.4635406,2.975019,66010
24,0.4548464,2.845458,72015
25,0.4492499,2.561685,78046
26,0.4508194,2.340331,82678
27,0.4530604,2.214485,86313
28,0.4528478,2.230382,88859
29,0.4536816,2.283148,91081
30,0.4545144,2.314551,92148
31,0.4528358,2.332623,93179
32,0.4499922,2.295761,94469
33,0.4488625,2.237437,95133
34,0.4471746,2.248319,95530
35,0.446875,2.246341,95601
