patch_mean_q,patch_size,patch_size_percentage,patch_centroid_x,patch_centroid_y,patch_centroid_z,patch_centroid_nearest_surface_coord_x,patch_centroid_nearest_surface_coord_y,patch_centroid_nearest_surface_coord_z,patch_centroid_idr_euclid_dist,patch_centroid_idr_surf_dist
16.41527,1063,0.0419,-21.38272,31.18056,-67.62356,-21.366,31.334,-67.61,33.43678,35.12198
17.65164,331,0.013,-33.01904,26.17556,-78.88333,-33.644,25.805,-80.209,49.93369,54.7697
17.18955,1831,0.0721,19.81559,29.03005,-58.48981,20.208,28.123,-58.498,16.90657,27.39544
21.38976,428,0.0169,1.828107,36.31974,-52.63549,1.71,36.87,-51.841,6.148544,8.118932
16.00095,1108,0.0436,46.34171,17.42114,-39.82637,45.102,18.915,-38.544,46.19182,59.55178
16.19278,353,0.0139,76.85014,11.11976,-26.8013,76.951,11.474,-27.054,79.04449,94.92525
15.38032,732,0.0288,109.3307,-7.119785,-14.72602,110.06,-7.177,-16.661,117.9962,134.4884
