radius,mean_patchiness,mean_phi,num_points
4,1,9.948688,29
5,0.9910021,9.943898,245
6,0.8753334,8.584335,568
7,0.7231426,7.126832,1056
8,0.6424784,6.387576,1813
9,0.5281858,5.141864,3158
10,0.444507,2.702319,5902
11,0.4153234,2.600481,8543
12,0.4118965,2.086733,11986
13,0.4160754,1.553764,16311
14,0.4168589,1.488922,20590
15,0.4193462,1.554482,25052
16,0.4118775,1.663651,31421
17,0.4184221,1.607199,37623
18,0.4253184,1.672613,43280
19,0.4280127,1.914887,48965
20,0.4273064,1.957178,54186
21,0.427343,1.950112,59201
22,0.4286233,1.872612,63856
23,0.4286876,1.836661,67671
24,0.4290996,1.835017,70851
25,0.4282953,1.776691,73655
26,0.4259787,1.630836,75737
27,0.4255776,1.527965,77522
28,0.4237621,1.478801,79495
29,0.4219398,1.419011,81345
30,0.4202089,1.425944,83024
31,0.4188736,1.42966,84953
32,0.4181551,1.309755,87414
33,0.4183046,1.310498,89741
34,0.417341,1.362813,92212
35,0.4167972,1.472897,94754
36,0.4172689,1.583692,97444
37,0.4164357,1.600081,99901
38,0.4144107,1.557238,102257
39,0.4125538,1.511096,104751
40,0.409849,1.440135,107484
41,0.4069664,1.342231,110611
42,0.404552,1.239062,113253
43,0.4027666,1.133523,116107
44,0.3995989,1.074687,119910
45,0.3950889,1.004173,123624
46,0.3935965,0.8827519,126821
47,0.392796,0.8098016,130540
48,0.391003,0.8318931,134686
49,0.3909695,0.8868639,137890
50,0.3917584,0.9243226,140605
51,0.3950827,1.000813,143547
52,0.3972658,1.114838,147073
53,0.3956211,1.099628,150077
54,0.3946371,1.071363,152006
55,0.3938875,1.055192,153540
56,0.3933049,1.032247,154179
57,0.393135,1.029053,154370
58,0.3928907,1.025246,154571
