radius,mean_patchiness,mean_phi,num_points
2,0.9548387,-11.57243,108
3,0.8132891,-14.22264,621
4,0.7963958,-16.7957,934
5,0.7451762,-15.84828,1150
6,0.6673263,-14.05479,1396
7,0.5867264,-11.46721,1726
8,0.5519996,-10.25744,2092
9,0.5302941,-9.588576,2549
10,0.498098,-6.871967,3267
11,0.4981723,-5.475406,4130
12,0.4902799,-4.199613,4976
13,0.4803295,-3.07863,5892
14,0.4882788,-2.746275,6884
15,0.5063499,-2.342362,8110
16,0.5150841,-2.119833,9232
17,0.5102999,-1.695547,10270
18,0.4999924,-0.5749653,11424
19,0.4900002,0.4717447,12805
20,0.4819749,0.8771536,14504
21,0.4918326,0.8922551,16415
22,0.4969076,0.8516176,18526
23,0.4851087,0.7983707,20963
24,0.4727275,0.8465254,23146
25,0.4569974,0.9163702,26035
26,0.4548511,1.295722,29152
27,0.4554257,1.610676,32608
28,0.4515684,1.926677,36169
29,0.4549502,2.412813,40176
30,0.4613678,3.007919,43838
31,0.4585398,3.12383,47338
32,0.4549836,3.062366,50478
33,0.4557219,3.087576,53895
34,0.4569477,2.912245,57594
35,0.4568352,2.806488,61337
36,0.4546337,2.74437,64858
37,0.4526607,2.770385,67940
38,0.4500761,2.760628,71226
39,0.4470403,2.654732,74778
40,0.4432051,2.589579,78391
41,0.4420902,2.669611,81995
42,0.4412249,2.821668,85366
43,0.4407566,2.891068,88711
44,0.440365,2.930391,91808
45,0.4376175,2.971722,95307
46,0.4354951,2.965107,99041
47,0.4329847,2.987456,103390
48,0.4289092,2.985231,108060
49,0.4262026,2.887686,112158
50,0.4241597,2.827812,115431
51,0.4220513,2.773177,118424
52,0.4206504,2.742907,121350
53,0.418797,2.710948,124453
54,0.4170178,2.650451,127511
55,0.4158123,2.613261,130306
56,0.4157127,2.566409,132591
57,0.4159546,2.552767,134771
58,0.4162249,2.542176,136716
59,0.4154992,2.516593,138302
60,0.4155576,2.523252,139458
61,0.4165466,2.513582,140162
62,0.416988,2.508105,140472
63,0.4168046,2.507152,140571
