patch_mean_q,patch_size,patch_size_percentage,patch_centroid_x,patch_centroid_y,patch_centroid_z,patch_centroid_nearest_surface_coord_x,patch_centroid_nearest_surface_coord_y,patch_centroid_nearest_surface_coord_z,patch_centroid_idr_euclid_dist,patch_centroid_idr_surf_dist
20.76662,46871,0.2722,-15.86323,27.52066,167.9424,-16.137,28.546,167.914,27.78103,35.74373
15.44822,6000,0.0348,-8.929059,4.243434,149.5117,-8.626,3.426,149.665,27.30047,40.5857
19.99323,2547,0.0148,-19.76458,19.03406,146.0991,-20.398,20.041,146.166,23.06749,24.04043
18.95138,3526,0.0205,7.652469,31.84735,158.8652,7.371,32.261,158.258,14.94193,39.85107
