radius,mean_patchiness,mean_phi,num_points
2,0.8131799,34.58182,105
3,0.7518182,27.47707,733
4,0.7144831,22.76388,1141
5,0.680185,19.90314,1644
6,0.6108094,15.80231,2347
7,0.5362563,12.04745,3232
8,0.4879678,9.888036,3975
9,0.4456108,8.918123,4462
10,0.4183435,8.11552,4943
11,0.3904997,7.222087,5515
12,0.3657922,6.076907,6258
13,0.3370994,4.865524,7358
14,0.3146894,3.843511,8601
15,0.3000426,3.057126,9791
16,0.2972847,2.63864,11220
17,0.3010518,2.644446,12765
18,0.290729,2.404903,14487
19,0.2843591,2.020267,16309
20,0.2838359,1.610364,18311
21,0.2860723,1.789139,20821
22,0.2868139,1.775402,23983
23,0.2817569,1.591422,27249
24,0.2827225,1.44298,30385
25,0.2871121,1.335267,33329
26,0.2898417,1.373598,36416
27,0.2928023,1.463065,39727
28,0.294145,1.401483,43795
29,0.2983699,1.263318,48207
30,0.3011636,1.415565,52366
31,0.3001493,1.537001,56753
32,0.2988233,1.615428,61664
33,0.2923774,1.684601,66407
34,0.2918279,1.632547,71463
35,0.2937921,1.625011,76683
36,0.2966362,1.683969,82481
37,0.293893,1.717584,88738
38,0.294568,1.700658,94336
39,0.2950965,1.647374,99491
40,0.2950777,1.56441,104507
41,0.2952247,1.575819,110505
42,0.2957347,1.569674,116810
43,0.2933134,1.490249,124140
44,0.289023,1.468351,132569
45,0.2839205,1.412282,140811
46,0.2826827,1.364726,146802
47,0.281972,1.27625,151109
48,0.2814882,1.267286,155391
49,0.2809382,1.302659,159787
50,0.2812127,1.348518,163364
51,0.2810344,1.383166,166532
52,0.2808554,1.35323,169513
53,0.2806779,1.306222,172156
54,0.280581,1.296557,174634
55,0.2814027,1.267079,176619
56,0.2814998,1.258947,178088
57,0.2812638,1.236831,179179
58,0.281554,1.215858,179746
