patch_mean_q,patch_size,patch_size_percentage,patch_centroid_x,patch_centroid_y,patch_centroid_z,patch_centroid_nearest_surface_coord_x,patch_centroid_nearest_surface_coord_y,patch_centroid_nearest_surface_coord_z,patch_centroid_idr_euclid_dist,patch_centroid_idr_surf_dist
13.66121,10006,0.0557,132.3999,78.8897,-15.99229,129.243,77.405,-16.328,34.91818,51.19954
11.79093,6356,0.0354,124.9771,47.08582,10.9016,125.301,47.932,11.974,44.32846,63.21677
17.71467,1869,0.0104,130.7171,43.77147,-16.77449,130.137,43.656,-16.5,34.73482,44.9754
10.91038,2046,0.0114,129.5527,67.17991,7.92108,130.485,66.473,7.709,37.82373,54.27201
19.88176,1967,0.0109,143.7256,54.60574,-21.3034,143.222,54.633,-21.551,20.6539,23.17169
17.39458,2202,0.0123,146.7918,40.39385,-16.92917,148.111,39.91,-16.754,24.62381,25.67729
12.76319,2532,0.0141,148.2303,65.52335,9.490206,147.783,65.425,9.977,25.29191,28.88644
17.22985,2698,0.015,159.7675,59.70973,-14.45399,161.431,58.583,-14.759,3.330399,4.871778
