radius,mean_patchiness,mean_phi,num_points
2,0.2760134,3.54645,67
3,0.213369,2.785909,238
4,0.2001865,0.465969,700
5,0.1879092,-0.4204704,1515
6,0.217747,0.2676273,2768
7,0.2309227,1.014288,4282
8,0.2422929,0.6897327,6044
9,0.2585061,0.9682878,7710
10,0.2801369,1.150665,9062
11,0.2978005,0.9831513,10472
12,0.3050148,0.8680171,12237
13,0.3112119,0.8092204,14384
14,0.3152741,0.6151866,16732
15,0.3178431,0.4734767,18600
16,0.3230816,0.2817513,20524
17,0.3299467,0.2181498,22133
18,0.330977,0.3151266,23709
19,0.3323682,0.4812706,25247
20,0.3379769,0.3218209,26762
21,0.343709,0.2475196,28384
22,0.3475519,0.2559873,29872
23,0.3532435,0.2749575,31542
24,0.3567074,0.2119274,33699
25,0.3591537,0.1578688,35759
26,0.3644576,0.141755,37739
27,0.3684977,0.1381989,39793
28,0.3728759,0.2246715,42222
29,0.3752139,0.4830914,44540
30,0.3759874,0.6399683,46832
31,0.3788094,0.7808309,49131
32,0.3820218,1.105014,51605
33,0.3846347,1.304233,54088
34,0.3859724,1.388839,56641
35,0.3874423,1.499725,59520
36,0.3861882,1.556505,62426
37,0.3851291,1.563883,65058
38,0.3807755,1.551597,67929
39,0.377039,1.65341,70950
40,0.3749782,1.626688,74285
41,0.3745464,1.637887,77197
42,0.3732247,1.670398,79485
43,0.3704699,1.55283,81844
44,0.3694062,1.387384,84021
45,0.3692916,1.285165,86068
46,0.3690834,1.238746,88270
47,0.3699217,1.194762,90119
48,0.3710816,1.164741,91553
49,0.3724059,1.142987,92976
50,0.3742249,1.132349,94933
51,0.3774056,1.229584,97116
52,0.3806733,1.347376,98922
53,0.3810647,1.415358,100334
54,0.3814274,1.459758,101777
55,0.3818635,1.490595,102864
56,0.3824385,1.499796,103869
57,0.3829514,1.515923,104868
58,0.3827695,1.554451,105919
59,0.3823439,1.592157,107376
60,0.3823234,1.625676,109200
61,0.3807258,1.606392,110931
62,0.3786435,1.565494,112514
63,0.3784513,1.518152,113365
64,0.378375,1.479501,114053
65,0.3783024,1.45002,114494
66,0.3781729,1.450258,114796
67,0.3778976,1.445133,114946
68,0.3777541,1.44385,114994
